task,strategy,train,test
explore_proximate_dg,physicochemical_secondary_structure,36.05188751220703,61.34736633300781
explore_proximate_dg,physicochemical_betha_structure,40.50741195678711,69.78245544433594
explore_proximate_dg,physicochemical_hydrophobocity,41.96115493774414,72.4228286743164
explore_proximate_dg,physicochemical_alpha_structure,37.74349212646485,65.25562286376953
explore_proximate_dg,physicochemical_hydropathy,36.49006271362305,62.93565368652344
explore_proximate_dg,fft_secondary_structure,34.562286376953125,53.50125503540039
explore_proximate_dg,physicochemical_betha_structure,41.48253631591797,71.48200988769531
explore_proximate_dg,bepler,37.01724624633789,56.47569274902344
explore_proximate_dg,fasttext,36.97429275512695,71.66464233398438
explore_proximate_dg,physicochemical_secondary_structure,35.0909309387207,59.94536590576172
explore_proximate_dg,onehot,44.5166244506836,63.88193893432617
explore_proximate_dg,physicochemical_hydrophobocity,35.755409240722656,60.98887634277344
explore_proximate_dg,glove,36.38283157348633,60.20804977416992
explore_proximate_dg,fft_betha_structure,37.46590042114258,59.68362045288086
explore_proximate_dg,fft_alpha_structure,29.43769073486328,49.766639709472656
explore_proximate_dg,bepler,33.70749282836914,50.34239959716797
explore_proximate_dg,onehot,42.928955078125,76.95541381835938
explore_proximate_dg,fft_hydrophobicity,32.37042236328125,51.21781921386719
explore_proximate_dg,fft_secondary_structure,34.939842224121094,55.16066360473633
explore_proximate_dg,physicochemical_alpha_structure,34.03387451171875,58.1317138671875
explore_proximate_dg,fasttext,32.63115310668945,52.3057861328125
explore_proximate_dg,fasttext,32.42619323730469,70.9165267944336
explore_proximate_dg,onehot,43.8839111328125,66.68744659423828
explore_proximate_dg,fft_hydropathy,38.49980163574219,62.37487411499024
explore_proximate_dg,fft_index,31.549903869628903,49.50739288330078
explore_proximate_dg,physicochemical_index,35.7476921081543,61.65289306640625
explore_proximate_dg,physicochemical_betha_structure,40.40066909790039,69.66594696044922
explore_proximate_dg,physicochemical_energetic,37.691192626953125,64.91890716552734
explore_proximate_dg,fft_alpha_structure,35.080650329589844,56.327247619628906
explore_proximate_dg,physicochemical_hydrophobocity,35.023983001708984,59.69231414794922
explore_proximate_dg,physicochemical_volume,39.495704650878906,68.22578430175781
explore_proximate_dg,physicochemical_alpha_structure,35.12621307373047,60.3732795715332
explore_proximate_dg,bepler,38.20527648925781,57.0870361328125
explore_proximate_dg,physicochemical_hydropathy,35.19426345825195,60.50348281860352
explore_proximate_dg,fft_hydrophobicity,36.314979553222656,58.35466766357422
explore_proximate_dg,fft_secondary_structure,36.86351776123047,61.07095336914063
explore_proximate_dg,fft_hydropathy,37.43889617919922,60.532073974609375
explore_proximate_dg,glove,34.224082946777344,58.33509063720703
explore_proximate_dg,glove,29.68051147460937,41.6345100402832
explore_proximate_dg,physicochemical_alpha_structure,39.77341079711914,69.2388687133789
explore_proximate_dg,fft_secondary_structure,33.03091812133789,62.44090270996094
explore_proximate_dg,fft_alpha_structure,36.05077362060547,60.56288146972656
explore_proximate_dg,fft_volume,37.71745300292969,60.349647521972656
explore_proximate_dg,fft_volume,30.568174362182617,47.562896728515625
explore_proximate_dg,physicochemical_energetic,35.42300796508789,60.27857208251953
explore_proximate_dg,physicochemical_secondary_structure,35.140621185302734,60.12772750854492
explore_proximate_dg,fft_betha_structure,35.90629196166992,57.46571731567383
explore_proximate_dg,fft_hydrophobicity,30.82644462585449,51.195987701416016
explore_proximate_dg,physicochemical_index,39.20268630981445,67.94499969482422
explore_proximate_dg,bepler,35.24383544921875,52.4741096496582
explore_proximate_dg,fft_volume,36.55097961425781,56.8667106628418
explore_proximate_dg,fft_betha_structure,35.28115463256836,56.280799865722656
explore_proximate_dg,fft_hydropathy,30.591968536376957,50.09288787841797
explore_proximate_dg,physicochemical_index,42.43195343017578,74.24492645263672
explore_proximate_dg,fft_betha_structure,33.152957916259766,52.99147033691406
explore_proximate_dg,fasttext,34.92154312133789,61.11495590209961
explore_proximate_dg,fft_hydrophobicity,37.68550491333008,63.27953338623047
explore_proximate_dg,physicochemical_index,35.957000732421875,62.12456130981445
explore_proximate_dg,physicochemical_betha_structure,38.071067810058594,65.33203125
explore_proximate_dg,fft_energetic,37.00083923339844,61.29191207885742
explore_proximate_dg,fft_alpha_structure,39.34400177001953,63.999961853027344
explore_proximate_dg,physicochemical_energetic,36.34519577026367,62.28411865234375
explore_proximate_dg,fft_energetic,36.19131088256836,60.26079940795898
explore_proximate_dg,fft_index,36.677772521972656,58.48687362670898
explore_proximate_dg,fft_hydrophobicity,34.62100601196289,61.98185348510742
explore_proximate_dg,physicochemical_hydropathy,36.92927932739258,64.03026580810547
explore_proximate_dg,physicochemical_hydrophobocity,39.09748458862305,67.2035903930664
explore_proximate_dg,fft_index,38.78129577636719,67.90512084960938
explore_proximate_dg,fft_hydropathy,34.19844436645508,55.1287956237793
explore_proximate_dg,physicochemical_volume,36.29342269897461,62.13887786865234
explore_proximate_dg,physicochemical_energetic,34.528072357177734,58.9564094543457
explore_proximate_dg,glove,35.38562774658203,71.98888397216797
explore_proximate_dg,fft_volume,34.44278717041016,58.03336334228516
explore_proximate_dg,fasttext,29.825889587402344,40.22500991821289
explore_proximate_dg,physicochemical_energetic,39.93465805053711,68.98497772216797
explore_proximate_dg,physicochemical_secondary_structure,33.69845962524414,57.2659797668457
explore_proximate_dg,fft_volume,29.991193771362305,50.07835388183594
explore_proximate_dg,physicochemical_volume,35.05309295654297,58.95539474487305
explore_proximate_dg,fft_hydropathy,36.632720947265625,65.95240783691406
explore_proximate_dg,fft_secondary_structure,38.074031829833984,60.483055114746094
explore_proximate_dg,fft_index,32.502227783203125,50.62374496459961
explore_proximate_dg,physicochemical_hydropathy,40.93344879150391,70.87675476074219
explore_proximate_dg,bepler,38.71644973754883,59.947635650634766
explore_proximate_dg,physicochemical_volume,36.55973434448242,62.415287017822266
explore_proximate_dg,physicochemical_alpha_structure,37.9553108215332,65.67118072509766
explore_proximate_dg,glove,34.9753532409668,52.22820281982422
explore_proximate_dg,fft_energetic,35.21269989013672,57.51937484741211
explore_proximate_dg,fft_betha_structure,33.86308670043945,54.08757781982422
explore_proximate_dg,onehot,36.80656814575195,57.5908203125
explore_proximate_dg,fft_index,31.04987144470215,49.03138732910156
explore_proximate_dg,physicochemical_betha_structure,34.00904846191406,57.66419982910156
explore_proximate_dg,physicochemical_secondary_structure,38.03260803222656,65.62665557861328
explore_proximate_dg,onehot,39.37954330444336,62.00135803222656
explore_proximate_dg,physicochemical_hydrophobocity,34.349098205566406,58.44029235839844
explore_proximate_dg,physicochemical_index,34.80848693847656,59.948516845703125
explore_proximate_dg,physicochemical_energetic,36.13454818725586,61.9560546875
explore_proximate_dg,fft_alpha_structure,32.71125411987305,57.03302764892578
explore_proximate_dg,physicochemical_volume,37.68911743164063,64.48081970214844
explore_proximate_dg,physicochemical_hydropathy,34.65631484985352,59.56925964355469
explore_proximate_dg,fft_energetic,34.66495513916016,57.31767654418945
explore_proximate_dg,fft_energetic,39.751094818115234,64.0134506225586
explore_proximate_kon,physicochemical_secondary_structure,1.8229241363562496e+17,1.731803828191232e+16
explore_proximate_kon,physicochemical_betha_structure,1.822926197940552e+17,1.731812954996736e+16
explore_proximate_kon,physicochemical_hydrophobocity,1.8229277441287782e+17,1.7318200416927744e+16
explore_proximate_kon,physicochemical_alpha_structure,1.822930149310464e+17,1.731836577316864e+16
explore_proximate_kon,physicochemical_hydropathy,1.8229308365052317e+17,1.7318309938593792e+16
explore_proximate_kon,fft_secondary_structure,1.8229402854332826e+17,1.7318905865306112e+16
explore_proximate_kon,physicochemical_betha_structure,1.822924823551017e+17,1.7318010364624896e+16
explore_proximate_kon,bepler,1.8229468137835725e+17,1.7319279527460864e+16
explore_proximate_kon,fasttext,1.822938739245056e+17,1.7318829629636608e+16
explore_proximate_kon,physicochemical_secondary_structure,1.822930492907848e+17,1.7318372215619584e+16
explore_proximate_kon,onehot,1.8229492189652582e+17,1.7319366500548608e+16
explore_proximate_kon,physicochemical_hydrophobocity,1.8229306647065395e+17,1.7318368994394112e+16
explore_proximate_kon,glove,1.8229401136345907e+17,1.7318912307757056e+16
explore_proximate_kon,fft_betha_structure,1.822939770037207e+17,1.7318846809505792e+16
explore_proximate_kon,fft_alpha_structure,1.8229394264398237e+17,1.7318869358084096e+16
explore_proximate_kon,bepler,1.8229466419848806e+17,1.7319252683915264e+16
explore_proximate_kon,onehot,1.8229492189652582e+17,1.7319366500548608e+16
explore_proximate_kon,fft_hydrophobicity,1.8229413162254336e+17,1.731895633117184e+16
explore_proximate_kon,fft_secondary_structure,1.82293908284244e+17,1.7318846809505792e+16
explore_proximate_kon,physicochemical_alpha_structure,1.822929977511772e+17,1.7318359330717696e+16
explore_proximate_kon,fasttext,1.8229383956476723e+17,1.7318813523509248e+16
explore_proximate_kon,fasttext,1.8229378802515968e+17,1.731877916377088e+16
explore_proximate_kon,onehot,1.8229492189652582e+17,1.7319366500548608e+16
explore_proximate_kon,fft_hydropathy,1.8229394264398237e+17,1.7318825334669312e+16
explore_proximate_kon,fft_index,1.82294097262805e+17,1.7318909086531584e+16
explore_proximate_kon,physicochemical_index,1.822926197940552e+17,1.7318098411454464e+16
explore_proximate_kon,physicochemical_betha_structure,1.8229308365052317e+17,1.7318385100521472e+16
explore_proximate_kon,physicochemical_energetic,1.8229306647065395e+17,1.7318348593299456e+16
explore_proximate_kon,fft_alpha_structure,1.822940800829358e+17,1.7318941298786304e+16
explore_proximate_kon,physicochemical_hydrophobocity,1.8229306647065395e+17,1.7318366846910464e+16
explore_proximate_kon,physicochemical_volume,1.8229253389470925e+17,1.7318087674036224e+16
explore_proximate_kon,physicochemical_alpha_structure,1.8229315236999987e+17,1.731842482896896e+16
explore_proximate_kon,bepler,1.8229468137835725e+17,1.7319281674944512e+16
explore_proximate_kon,physicochemical_hydropathy,1.82292791592747e+17,1.7318153172287488e+16
explore_proximate_kon,fft_hydrophobicity,1.822939770037207e+17,1.731887580053504e+16
explore_proximate_kon,fft_secondary_structure,1.822938739245056e+17,1.731880600731648e+16
explore_proximate_kon,fft_hydropathy,1.8229413162254336e+17,1.7318944520011776e+16
explore_proximate_kon,glove,1.8229404572319744e+17,1.7318918750208e+16
explore_proximate_kon,glove,1.822939770037207e+17,1.7318879021760512e+16
explore_proximate_kon,physicochemical_alpha_structure,1.822927056934011e+17,1.731820471189504e+16
explore_proximate_kon,fft_secondary_structure,1.82293908284244e+17,1.7318819965960192e+16
explore_proximate_kon,fft_alpha_structure,1.8229404572319744e+17,1.731891338149888e+16
explore_proximate_kon,fft_volume,1.822938739245056e+17,1.7318815670992896e+16
explore_proximate_kon,fft_volume,1.822938911043748e+17,1.7318819965960192e+16
explore_proximate_kon,physicochemical_energetic,1.822926197940552e+17,1.7318107001389056e+16
explore_proximate_kon,physicochemical_secondary_structure,1.8229282595248538e+17,1.7318234776666112e+16
explore_proximate_kon,fft_betha_structure,1.8229404572319744e+17,1.7318895127887872e+16
explore_proximate_kon,fft_hydrophobicity,1.82294097262805e+17,1.731894022504448e+16
explore_proximate_kon,physicochemical_index,1.8229315236999987e+17,1.7318407649099776e+16
explore_proximate_kon,bepler,1.8229468137835725e+17,1.731927845371904e+16
explore_proximate_kon,fft_volume,1.82293908284244e+17,1.7318828555894784e+16
explore_proximate_kon,fft_betha_structure,1.8229406290306662e+17,1.7318909086531584e+16
explore_proximate_kon,fft_hydropathy,1.822938739245056e+17,1.7318807081058304e+16
explore_proximate_kon,physicochemical_index,1.8229318672973824e+17,1.7318432345161728e+16
explore_proximate_kon,fft_betha_structure,1.8229406290306662e+17,1.7318901570338816e+16
explore_proximate_kon,fasttext,1.822938567446364e+17,1.7318809228541952e+16
explore_proximate_kon,fft_hydrophobicity,1.8229394264398237e+17,1.7318844662022144e+16
explore_proximate_kon,physicochemical_index,1.822926197940552e+17,1.7318072641650688e+16
explore_proximate_kon,physicochemical_betha_structure,1.822926197940552e+17,1.7318139213643776e+16
explore_proximate_kon,fft_energetic,1.822940800829358e+17,1.7318903717822464e+16
explore_proximate_kon,fft_alpha_structure,1.822938739245056e+17,1.7318829629636608e+16
explore_proximate_kon,physicochemical_energetic,1.822930149310464e+17,1.731831745478656e+16
explore_proximate_kon,fft_energetic,1.822938911043748e+17,1.7318797417381888e+16
explore_proximate_kon,fft_index,1.82294097262805e+17,1.7318919823949824e+16
explore_proximate_kon,fft_hydrophobicity,1.82293908284244e+17,1.7318853251956736e+16
explore_proximate_kon,physicochemical_hydropathy,1.8229287749209293e+17,1.7318206859378688e+16
explore_proximate_kon,physicochemical_hydrophobocity,1.822930149310464e+17,1.7318329265946624e+16
explore_proximate_kon,fft_index,1.8229402854332826e+17,1.731887580053504e+16
explore_proximate_kon,fft_hydropathy,1.822938739245056e+17,1.7318813523509248e+16
explore_proximate_kon,physicochemical_volume,1.8229287749209293e+17,1.7318256251502592e+16
explore_proximate_kon,physicochemical_energetic,1.822930321109156e+17,1.731833892962304e+16
explore_proximate_kon,glove,1.822939941835899e+17,1.7318898349113344e+16
explore_proximate_kon,fft_volume,1.8229394264398237e+17,1.7318851104473088e+16
explore_proximate_kon,fasttext,1.8229401136345907e+17,1.7318905865306112e+16
explore_proximate_kon,physicochemical_energetic,1.8229310083039232e+17,1.731837651058688e+16
explore_proximate_kon,physicochemical_secondary_structure,1.8229249953497088e+17,1.7318050093072384e+16
explore_proximate_kon,fft_volume,1.822938911043748e+17,1.7318825334669312e+16
explore_proximate_kon,physicochemical_volume,1.822931351901307e+17,1.7318434492645376e+16
explore_proximate_kon,fft_hydropathy,1.82294097262805e+17,1.7318915528982528e+16
explore_proximate_kon,fft_secondary_structure,1.8229383956476723e+17,1.731879526989824e+16
explore_proximate_kon,fft_index,1.822938911043748e+17,1.7318787753705472e+16
explore_proximate_kon,physicochemical_hydropathy,1.822930149310464e+17,1.731829061124096e+16
explore_proximate_kon,bepler,1.822947157380956e+17,1.7319281674944512e+16
explore_proximate_kon,physicochemical_volume,1.8229320390960742e+17,1.731847314735104e+16
explore_proximate_kon,physicochemical_alpha_structure,1.8229310083039232e+17,1.7318409796583424e+16
explore_proximate_kon,glove,1.82293908284244e+17,1.7318857546924032e+16
explore_proximate_kon,fft_energetic,1.822940800829358e+17,1.7318912307757056e+16
explore_proximate_kon,fft_betha_structure,1.822939941835899e+17,1.7318860768149504e+16
explore_proximate_kon,onehot,1.8229492189652582e+17,1.731936972177408e+16
explore_proximate_kon,fft_index,1.8229395982385152e+17,1.7318829629636608e+16
explore_proximate_kon,physicochemical_betha_structure,1.822930321109156e+17,1.7318362551943168e+16
explore_proximate_kon,physicochemical_secondary_structure,1.822924823551017e+17,1.731807049416704e+16
explore_proximate_kon,onehot,1.8229492189652582e+17,1.731936972177408e+16
explore_proximate_kon,physicochemical_hydrophobocity,1.822929118518313e+17,1.731827987382272e+16
explore_proximate_kon,physicochemical_index,1.8229308365052317e+17,1.731836577316864e+16
explore_proximate_kon,physicochemical_energetic,1.8229277441287782e+17,1.7318184310800384e+16
explore_proximate_kon,fft_alpha_structure,1.822938739245056e+17,1.7318837145829376e+16
explore_proximate_kon,physicochemical_volume,1.8229263697392435e+17,1.7318149951062016e+16
explore_proximate_kon,physicochemical_hydropathy,1.822931351901307e+17,1.7318348593299456e+16
explore_proximate_kon,fft_energetic,1.822939770037207e+17,1.731884358828032e+16
explore_proximate_kon,fft_energetic,1.8229401136345907e+17,1.7318872579309568e+16
explore_skempi_koff,physicochemical_secondary_structure,12.541997909545898,10.941204071044922
explore_skempi_koff,physicochemical_betha_structure,12.638675689697266,10.06506633758545
explore_skempi_koff,physicochemical_hydrophobocity,12.378911018371582,10.990787506103516
explore_skempi_koff,physicochemical_alpha_structure,12.842928886413574,10.13293170928955
explore_skempi_koff,physicochemical_hydropathy,12.63183879852295,9.843770027160645
explore_skempi_koff,fft_secondary_structure,9.255380630493164,25.263612747192383
explore_skempi_koff,physicochemical_betha_structure,11.728354454040527,10.500900268554688
explore_skempi_koff,bepler,10.612139701843262,8.748200416564941
explore_skempi_koff,fasttext,10.51069164276123,32.79871368408203
explore_skempi_koff,physicochemical_secondary_structure,13.023757934570312,10.502830505371094
explore_skempi_koff,onehot,12.60869026184082,9.163089752197266
explore_skempi_koff,physicochemical_hydrophobocity,13.095622062683104,10.45522117614746
explore_skempi_koff,glove,9.375024795532228,21.30755424499512
explore_skempi_koff,fft_betha_structure,8.619462966918945,33.0855712890625
explore_skempi_koff,fft_alpha_structure,10.67332649230957,7.707375526428223
explore_skempi_koff,bepler,10.74128246307373,10.34334659576416
explore_skempi_koff,onehot,12.367313385009766,12.140196800231934
explore_skempi_koff,fft_hydrophobicity,7.506982803344727,7.588492393493652
explore_skempi_koff,fft_secondary_structure,10.007014274597168,16.881467819213867
explore_skempi_koff,physicochemical_alpha_structure,10.70072078704834,8.148743629455566
explore_skempi_koff,fasttext,10.544119834899902,40.110599517822266
explore_skempi_koff,fasttext,9.529829978942873,53.70226287841797
explore_skempi_koff,onehot,12.16545581817627,30.1193962097168
explore_skempi_koff,fft_hydropathy,7.23622989654541,10.618444442749023
explore_skempi_koff,fft_index,8.83955192565918,54.70725631713867
explore_skempi_koff,physicochemical_index,12.677096366882324,9.464347839355469
explore_skempi_koff,physicochemical_betha_structure,11.8480863571167,9.487318992614746
explore_skempi_koff,physicochemical_energetic,13.022245407104492,10.396403312683104
explore_skempi_koff,fft_alpha_structure,8.668865203857422,27.46844291687012
explore_skempi_koff,physicochemical_hydrophobocity,11.22750186920166,8.056139945983887
explore_skempi_koff,physicochemical_volume,12.475357055664062,10.587878227233888
explore_skempi_koff,physicochemical_alpha_structure,12.828811645507812,9.910550117492676
explore_skempi_koff,bepler,11.25238800048828,10.43103313446045
explore_skempi_koff,physicochemical_hydropathy,12.597052574157717,9.555811882019045
explore_skempi_koff,fft_hydrophobicity,9.616056442260742,10.30343246459961
explore_skempi_koff,fft_secondary_structure,10.491621017456056,13.875537872314451
explore_skempi_koff,fft_hydropathy,7.373414993286133,13.116118431091309
explore_skempi_koff,glove,7.826966762542725,34.36553192138672
explore_skempi_koff,glove,8.948075294494629,20.785823822021484
explore_skempi_koff,physicochemical_alpha_structure,11.380374908447266,8.317255020141602
explore_skempi_koff,fft_secondary_structure,8.212007522583008,19.043386459350582
explore_skempi_koff,fft_alpha_structure,8.790631294250488,6.656488418579102
explore_skempi_koff,fft_volume,7.120284080505371,7.186157703399658
explore_skempi_koff,fft_volume,9.62792682647705,19.992488861083984
explore_skempi_koff,physicochemical_energetic,13.075505256652832,10.339876174926758
explore_skempi_koff,physicochemical_secondary_structure,13.047669410705566,10.469172477722168
explore_skempi_koff,fft_betha_structure,9.371274948120115,10.10724639892578
explore_skempi_koff,fft_hydrophobicity,10.385766983032228,20.11779022216797
explore_skempi_koff,physicochemical_index,10.038817405700684,7.431726932525635
explore_skempi_koff,bepler,10.065207481384276,10.219414710998535
explore_skempi_koff,fft_volume,8.153284072875977,13.674914360046388
explore_skempi_koff,fft_betha_structure,7.497960567474365,17.154550552368164
explore_skempi_koff,fft_hydropathy,9.460041999816896,15.45576286315918
explore_skempi_koff,physicochemical_index,10.692901611328123,10.50413990020752
explore_skempi_koff,fft_betha_structure,10.554081916809082,14.978870391845703
explore_skempi_koff,fasttext,9.4197998046875,63.14986801147461
explore_skempi_koff,fft_hydrophobicity,7.029768943786621,19.46151351928711
explore_skempi_koff,physicochemical_index,12.328862190246582,9.859675407409668
explore_skempi_koff,physicochemical_betha_structure,11.228870391845703,7.931162357330322
explore_skempi_koff,fft_energetic,7.647963047027588,10.38136863708496
explore_skempi_koff,fft_alpha_structure,10.438654899597168,16.655746459960938
explore_skempi_koff,physicochemical_energetic,12.77841091156006,9.914420127868652
explore_skempi_koff,fft_energetic,7.00646448135376,12.678534507751465
explore_skempi_koff,fft_index,9.975397109985352,13.593759536743164
explore_skempi_koff,fft_hydrophobicity,9.893136978149414,14.334643363952637
explore_skempi_koff,physicochemical_hydropathy,11.786916732788086,9.542009353637695
explore_skempi_koff,physicochemical_hydrophobocity,12.830487251281738,9.956693649291992
explore_skempi_koff,fft_index,7.423089981079102,9.751214981079102
explore_skempi_koff,fft_hydropathy,7.634817123413086,33.788997650146484
explore_skempi_koff,physicochemical_volume,12.901610374450684,9.886534690856934
explore_skempi_koff,physicochemical_energetic,11.857773780822754,9.51986598968506
explore_skempi_koff,glove,10.061806678771973,26.82230758666992
explore_skempi_koff,fft_volume,10.782705307006836,15.993542671203612
explore_skempi_koff,fasttext,10.839555740356444,22.17330551147461
explore_skempi_koff,physicochemical_energetic,12.686396598815918,9.966853141784668
explore_skempi_koff,physicochemical_secondary_structure,12.817481994628906,10.15880298614502
explore_skempi_koff,fft_volume,11.256604194641112,13.61343479156494
explore_skempi_koff,physicochemical_volume,13.01895809173584,10.326950073242188
explore_skempi_koff,fft_hydropathy,9.589378356933594,12.712260246276855
explore_skempi_koff,fft_secondary_structure,9.13469123840332,9.296619415283203
explore_skempi_koff,fft_index,8.555344581604004,6.709479808807373
explore_skempi_koff,physicochemical_hydropathy,12.684191703796388,9.811882019042969
explore_skempi_koff,bepler,10.942583084106444,11.063908576965332
explore_skempi_koff,physicochemical_volume,12.531695365905762,9.648676872253418
explore_skempi_koff,physicochemical_alpha_structure,12.464916229248049,9.549372673034668
explore_skempi_koff,glove,8.265639305114746,33.50364685058594
explore_skempi_koff,fft_energetic,7.762185096740723,10.161659240722656
explore_skempi_koff,fft_betha_structure,6.868770599365234,12.049626350402832
explore_skempi_koff,onehot,11.70017433166504,33.8155517578125
explore_skempi_koff,fft_index,10.380072593688965,13.068120956420898
explore_skempi_koff,physicochemical_betha_structure,11.294984817504885,9.908945083618164
explore_skempi_koff,physicochemical_secondary_structure,10.279145240783691,10.360218048095703
explore_skempi_koff,onehot,12.53783893585205,10.564200401306152
explore_skempi_koff,physicochemical_hydrophobocity,10.231002807617188,11.278020858764648
explore_skempi_koff,physicochemical_index,10.917551040649414,10.53030776977539
explore_skempi_koff,physicochemical_energetic,12.83272647857666,10.40052318572998
explore_skempi_koff,fft_alpha_structure,10.722578048706056,17.991947174072266
explore_skempi_koff,physicochemical_volume,11.680094718933104,9.55592918395996
explore_skempi_koff,physicochemical_hydropathy,12.888373374938965,10.299514770507812
explore_skempi_koff,fft_energetic,10.5460786819458,13.755467414855955
explore_skempi_koff,fft_energetic,10.633155822753906,12.785772323608398
explore_pip,seq_to_seq,3.254859209060669,3.567267894744873
explore_pip,physicochemical_secondary_structure,1.3705023527145386,2.7885069847106934
explore_pip,onehot,3.189964056015014,3.378589391708374
explore_pip,physicochemical_betha_structure,1.5972654819488523,2.837838649749756
explore_pip,fft_alpha_structure,3.0374324321746826,3.25083327293396
explore_pip,physicochemical_hydrophobocity,0.2917459011077881,3.1823360919952397
explore_pip,fft_index,2.787367105484009,3.318129301071167
explore_pip,physicochemical_hydrophobocity,1.1743894815444946,2.816563129425049
explore_pip,physicochemical_alpha_structure,0.2951558530330658,3.1287107467651367
explore_pip,physicochemical_hydropathy,2.065152883529663,2.865208387374878
explore_pip,fft_secondary_structure,2.7308566570281982,3.1608471870422363
explore_pip,physicochemical_betha_structure,1.2881438732147217,2.849864959716797
explore_pip,bepler,2.9273276329040527,3.15588116645813
explore_pip,fasttext,3.184795618057251,3.3733479976654053
explore_pip,physicochemical_secondary_structure,0.3688136637210846,3.236673355102539
explore_pip,onehot,3.1983020305633545,3.3580546379089355
explore_pip,seq_to_seq,3.283409595489502,3.4676427841186523
explore_pip,seq_to_seq,3.331082582473755,3.556140184402466
explore_pip,physicochemical_hydrophobocity,1.9139962196350095,2.8379244804382324
explore_pip,glove,2.837120771408081,3.551199436187744
explore_pip,fft_betha_structure,2.7004456520080566,3.0720248222351074
explore_pip,fft_alpha_structure,2.8349297046661377,3.1395199298858643
explore_pip,bepler,3.042973279953003,3.26773738861084
explore_pip,onehot,3.191960334777832,3.416572093963623
explore_pip,physicochemical_hydropathy,2.1499667167663574,2.9329278469085693
explore_pip,physicochemical_alpha_structure,1.1556735038757324,2.8029305934906006
explore_pip,fft_hydrophobicity,3.0441365242004395,3.317392110824585
explore_pip,fft_secondary_structure,2.9178783893585205,3.463658571243286
explore_pip,physicochemical_alpha_structure,1.6147809028625488,2.874630212783813
explore_pip,fasttext,2.9992122650146484,163.1853485107422
explore_pip,fasttext,3.222929000854492,3.3995614051818848
explore_pip,onehot,3.344416618347168,3.4969983100891118
explore_pip,fft_hydropathy,2.9726216793060303,3.1941447257995605
explore_pip,physicochemical_secondary_structure,1.2569005489349363,2.8507866859436035
explore_pip,fasttext,3.007851839065552,25.332895278930664
explore_pip,fft_betha_structure,3.050614356994629,3.473132848739624
explore_pip,fft_index,2.7045586109161377,3.082313537597656
explore_pip,physicochemical_index,1.1864356994628906,2.875511884689331
explore_pip,physicochemical_betha_structure,1.7590981721878052,2.855984687805176
explore_pip,physicochemical_energetic,2.039766788482666,2.9113011360168457
explore_pip,fft_alpha_structure,2.933032989501953,3.1559157371521
explore_pip,physicochemical_hydrophobocity,1.6936419010162354,2.966102838516236
explore_pip,physicochemical_volume,1.528029441833496,2.8764209747314453
explore_pip,physicochemical_alpha_structure,0.6084825396537781,3.0865933895111084
explore_pip,bepler,2.899120807647705,3.11803936958313
explore_pip,physicochemical_hydropathy,2.066091299057007,2.9264519214630127
explore_pip,fft_hydrophobicity,2.5600690841674805,4.195859432220459
explore_pip,fft_secondary_structure,2.840898036956787,3.353172063827514
explore_pip,fft_hydropathy,2.658333539962769,3.150935411453247
explore_pip,bepler,3.038512706756592,3.243542194366455
explore_pip,glove,3.2188735008239746,3.419275045394897
explore_pip,glove,3.0569214820861816,3.305676221847534
explore_pip,fft_secondary_structure,2.544143915176392,3.0733232498168945
explore_pip,physicochemical_alpha_structure,1.79101300239563,2.8498120307922363
explore_pip,fft_secondary_structure,2.856411933898926,3.216918706893921
explore_pip,fft_alpha_structure,2.694941997528076,3.10613226890564
explore_pip,fft_volume,2.631704330444336,3.377260446548462
explore_pip,fft_volume,2.8918323516845703,3.1582369804382324
explore_pip,physicochemical_energetic,1.407554268836975,2.838541984558105
explore_pip,physicochemical_secondary_structure,2.0586049556732178,2.96028995513916
explore_pip,fft_volume,2.790505170822144,3.1420459747314453
explore_pip,fft_betha_structure,2.660140037536621,3.1947712898254395
explore_pip,physicochemical_betha_structure,0.357730358839035,3.2033979892730717
explore_pip,fft_hydrophobicity,2.768774032592773,3.1779677867889404
explore_pip,physicochemical_index,0.7870539426803589,3.219153881072998
explore_pip,bepler,3.0565953254699707,3.2723381519317627
explore_pip,fft_volume,3.023353815078736,3.2382917404174805
explore_pip,fft_betha_structure,2.783110857009888,3.3398170471191406
explore_pip,fft_hydropathy,2.6146600246429443,3.704151153564453
explore_pip,physicochemical_volume,0.4120877087116241,3.092439889907837
explore_pip,physicochemical_index,1.7053189277648926,2.823347330093384
explore_pip,seq_to_seq,3.221998453140259,4.939402580261231
explore_pip,fft_betha_structure,2.88008713722229,3.1576669216156006
explore_pip,fft_energetic,2.729774713516236,3.063002109527588
explore_pip,fasttext,3.2053768634796143,3.341540098190308
explore_pip,fft_hydropathy,2.883049488067627,3.102339029312134
explore_pip,fft_hydrophobicity,2.7931902408599854,3.2703897953033447
explore_pip,physicochemical_index,1.851569414138794,2.8494181632995605
explore_pip,physicochemical_betha_structure,0.7011455297470093,3.202880859375
explore_pip,fft_energetic,2.8732287883758545,3.544394493103028
explore_pip,fft_alpha_structure,2.6711559295654297,3.496971368789673
explore_pip,physicochemical_energetic,0.6630284190177917,3.038170099258423
explore_pip,physicochemical_index,0.5022941827774048,3.17899751663208
explore_pip,fft_energetic,2.69168472290039,3.115883111953736
explore_pip,fft_index,2.775749921798706,3.069101333618164
explore_pip,fft_hydrophobicity,2.5847537517547607,3.463754892349243
explore_pip,physicochemical_hydropathy,1.202961564064026,2.8707468509674072
explore_pip,physicochemical_hydrophobocity,1.222151517868042,2.864609718322754
explore_pip,fft_index,2.901206016540528,3.228320360183716
explore_pip,fft_hydropathy,2.591510534286499,3.0154366493225098
explore_pip,physicochemical_volume,1.7526353597640991,2.901721715927124
explore_pip,physicochemical_energetic,1.8707101345062256,2.90630316734314
explore_pip,glove,3.164410352706909,3.316392421722412
explore_pip,fft_hydrophobicity,2.863858938217163,3.139228820800781
explore_pip,fft_volume,2.789569854736328,3.1114602088928223
explore_pip,fasttext,3.084667205810547,72.09188079833984
explore_pip,physicochemical_energetic,2.0352559089660645,2.955655813217163
explore_pip,physicochemical_secondary_structure,1.3274799585342407,2.869815826416016
explore_pip,fft_volume,2.81891131401062,3.1162710189819336
explore_pip,seq_to_seq,3.2751853466033936,3.477739095687866
explore_pip,physicochemical_volume,1.1490955352783203,2.81775975227356
explore_pip,fft_hydropathy,2.665398359298706,3.054393768310547
explore_pip,fft_secondary_structure,2.8573153018951416,3.1959714889526367
explore_pip,fft_index,2.7155137062072754,3.105798721313477
explore_pip,physicochemical_hydropathy,1.4108538627624512,2.792865514755249
explore_pip,bepler,3.057065725326538,3.286052227020264
explore_pip,physicochemical_volume,0.5274626016616821,3.101158380508423
explore_pip,physicochemical_alpha_structure,0.7250801920890808,3.1579737663269043
explore_pip,glove,2.9756276607513428,3.190886974334717
explore_pip,fft_energetic,2.8208277225494385,3.0898759365081787
explore_pip,seq_to_seq,3.2725183963775635,3.4290552139282227
explore_pip,fft_betha_structure,2.792172908782959,3.1570241451263428
explore_pip,onehot,3.2632298469543457,3.389456987380981
explore_pip,fft_index,2.8299660682678223,3.083315134048462
explore_pip,physicochemical_betha_structure,1.7488950490951538,2.976376533508301
explore_pip,physicochemical_secondary_structure,0.9224405884742736,3.034398317337036
explore_pip,onehot,3.242708206176758,3.46328067779541
explore_pip,physicochemical_hydrophobocity,1.9548046588897705,2.8715057373046875
explore_pip,physicochemical_index,1.853315114974976,2.953261137008667
explore_pip,physicochemical_energetic,0.6655030250549316,3.057902812957764
explore_pip,fft_alpha_structure,2.7362635135650635,3.5429482460021973
explore_pip,physicochemical_volume,1.3565646409988403,2.916841506958008
explore_pip,physicochemical_hydropathy,0.4445160329341888,3.09980583190918
explore_pip,fft_energetic,2.5837748050689697,2.9847166538238525
explore_pip,fft_energetic,2.6248526573181152,5.197229862213135
explore_pip,glove,3.1944823265075684,3.318153619766236
explore_proximate_kd,physicochemical_secondary_structure,0.0052550733089447,0.008857206441462
explore_proximate_kd,physicochemical_betha_structure,0.0449218787252903,0.0693679973483085
explore_proximate_kd,physicochemical_hydrophobocity,0.017621511593461,0.0292196813970804
explore_proximate_kd,physicochemical_alpha_structure,0.0164799690246582,0.0258513428270816
explore_proximate_kd,physicochemical_hydropathy,0.0104016168043017,0.0157655272632837
explore_proximate_kd,fft_secondary_structure,0.0001543409598525,0.0001891342690214
explore_proximate_kd,physicochemical_betha_structure,0.0002601327141746,0.0004609273746609
explore_proximate_kd,bepler,0.0010762963211163,0.0016873810673132
explore_proximate_kd,fasttext,0.0006928936927579,0.0010338502470403
explore_proximate_kd,physicochemical_secondary_structure,0.0001775194541551,0.0002942091086879
explore_proximate_kd,onehot,1.6228952517849393e-05,2.9588329198304564e-05
explore_proximate_kd,physicochemical_hydrophobocity,0.0175268072634935,0.0276291500777006
explore_proximate_kd,glove,0.0148726236075162,0.0219963993877172
explore_proximate_kd,fft_betha_structure,0.0082100154832005,0.0125901019200682
explore_proximate_kd,fft_alpha_structure,0.0007871834677644,0.0009437116677872
explore_proximate_kd,bepler,0.0007858283352106,0.001360519323498
explore_proximate_kd,onehot,0.0029696561396121,0.0055486429482698
explore_proximate_kd,fft_hydrophobicity,0.0020768130198121,0.0031454002019017
explore_proximate_kd,fft_secondary_structure,0.0007825139909982,0.0011399082140997
explore_proximate_kd,physicochemical_alpha_structure,0.0022175004705786,0.0033330465666949
explore_proximate_kd,fasttext,0.0013715288368985,0.0024229569826275
explore_proximate_kd,fasttext,3.052340980502777e-05,4.8124002205440775e-05
explore_proximate_kd,onehot,0.0054834089241921,0.0096311448141932
explore_proximate_kd,fft_hydropathy,0.0022786161862313,0.0035778086166828
explore_proximate_kd,fft_index,4.065129905939102e-05,3.416814797674306e-05
explore_proximate_kd,physicochemical_index,0.0162765178829431,0.0254602432250976
explore_proximate_kd,physicochemical_betha_structure,0.0007926113903522,0.0014054899802431
explore_proximate_kd,physicochemical_energetic,0.0038767869118601,0.0062339003197848
explore_proximate_kd,fft_alpha_structure,0.0104129752144217,0.0140350498259067
explore_proximate_kd,physicochemical_hydrophobocity,0.0012158686295151,0.0019780569709837
explore_proximate_kd,physicochemical_volume,0.0309215728193521,0.0470197610557079
explore_proximate_kd,physicochemical_alpha_structure,0.0143072474747896,0.0220900196582078
explore_proximate_kd,bepler,1.3027571185375564e-05,1.8191560229752213e-05
explore_proximate_kd,physicochemical_hydropathy,0.0041038491763174,0.0067506399936974
explore_proximate_kd,fft_hydrophobicity,0.0007920190109871,0.0012126262299716
explore_proximate_kd,fft_secondary_structure,9.573928400641309e-05,0.0001292777014896
explore_proximate_kd,fft_hydropathy,0.0010672662174329,0.001594987232238
explore_proximate_kd,glove,0.0079624876379966,0.0106895314529538
explore_proximate_kd,glove,0.00036369782174,0.0005209523369558
explore_proximate_kd,physicochemical_alpha_structure,0.02432781457901,0.0371675714850425
explore_proximate_kd,fft_secondary_structure,0.0046640122309327,0.0068376515991985
explore_proximate_kd,fft_alpha_structure,0.0046038487926125,0.0067493836395442
explore_proximate_kd,fft_volume,0.0001973478647414,0.0001940791262313
explore_proximate_kd,fft_volume,0.0017092735506594,0.002083295956254
explore_proximate_kd,physicochemical_energetic,4.236114182276651e-05,6.453765672631562e-05
explore_proximate_kd,physicochemical_secondary_structure,0.0270562879741191,0.0428489856421947
explore_proximate_kd,fft_betha_structure,0.0110461385920643,0.0179247744381427
explore_proximate_kd,fft_hydrophobicity,0.0001327457284787,0.000194989494048
explore_proximate_kd,physicochemical_index,0.0005292202113196,0.0008893259218893
explore_proximate_kd,bepler,0.02166617102921,0.0307618044316768
explore_proximate_kd,fft_volume,7.087555422913283e-05,6.868792115710676e-05
explore_proximate_kd,fft_betha_structure,0.0159783344715833,0.0245488304644823
explore_proximate_kd,fft_hydropathy,0.0006620687199756,0.0007682836730964
explore_proximate_kd,physicochemical_index,0.0173536725342273,0.0278014745563268
explore_proximate_kd,fft_betha_structure,4.3125339288963005e-05,8.257741137640551e-05
explore_proximate_kd,fasttext,0.0008792766602709,0.0015062929596751
explore_proximate_kd,fft_hydrophobicity,1.4284249118645675e-05,1.832867019402329e-05
explore_proximate_kd,physicochemical_index,0.0049562104977667,0.0077056912705302
explore_proximate_kd,physicochemical_betha_structure,3.6070559872314334e-05,3.84374252462294e-05
explore_proximate_kd,fft_energetic,0.0202663317322731,0.0307888519018888
explore_proximate_kd,fft_alpha_structure,0.0004386183572933,0.0005170286749489
explore_proximate_kd,physicochemical_energetic,0.0107159297913312,0.0169561076909303
explore_proximate_kd,fft_energetic,0.0145775908604264,0.0225428137928247
explore_proximate_kd,fft_index,0.0025415332056581,0.0039134407415986
explore_proximate_kd,fft_hydrophobicity,0.0139884976670145,0.0209265369921922
explore_proximate_kd,physicochemical_hydropathy,0.0033767605200409,0.004467680118978
explore_proximate_kd,physicochemical_hydrophobocity,0.0102478265762329,0.0168037954717874
explore_proximate_kd,fft_index,0.0141859492287039,0.0211109612137079
explore_proximate_kd,fft_hydropathy,7.166639989009127e-05,8.451106259599328e-05
explore_proximate_kd,physicochemical_volume,0.0014211538946256,0.0024130179081112
explore_proximate_kd,physicochemical_energetic,0.009833762422204,0.0152955716475844
explore_proximate_kd,glove,0.0009335429640486,0.0019395377021282
explore_proximate_kd,fft_volume,0.002805461641401,0.0043596159666776
explore_proximate_kd,fasttext,0.0055966060608625,0.0094601502642035
explore_proximate_kd,physicochemical_energetic,0.0224904920905828,0.0348122678697109
explore_proximate_kd,physicochemical_secondary_structure,0.0282120108604431,0.0447605848312377
explore_proximate_kd,fft_volume,0.0077022239565849,0.0117549737915396
explore_proximate_kd,physicochemical_volume,0.0111863194033503,0.0176629871129989
explore_proximate_kd,fft_hydropathy,0.0023367661051452,0.0030167836230248
explore_proximate_kd,fft_secondary_structure,0.0144894737750291,0.0222043301910161
explore_proximate_kd,fft_index,1.94773110706592e-05,3.2334966817870736e-05
explore_proximate_kd,physicochemical_hydropathy,0.0036128722131252,0.0055126952938735
explore_proximate_kd,bepler,5.216513090999797e-05,6.895362457726151e-05
explore_proximate_kd,physicochemical_volume,0.0192995928227901,0.0330550037324428
explore_proximate_kd,physicochemical_alpha_structure,0.0164753925055265,0.0256553031504154
explore_proximate_kd,glove,0.0063769980333745,0.0099109662696719
explore_proximate_kd,fft_energetic,0.008262432180345,0.0125270560383796
explore_proximate_kd,fft_betha_structure,0.0025336607359349,0.0040788943879306
explore_proximate_kd,onehot,0.0001157660663011,0.0001261464203707
explore_proximate_kd,fft_index,0.0142495315521955,0.019771359860897
explore_proximate_kd,physicochemical_betha_structure,0.0040722712874412,0.0058507155627012
explore_proximate_kd,physicochemical_secondary_structure,0.011304572224617,0.0185495484620332
explore_proximate_kd,onehot,0.0023646596819162,0.0048444108106195
explore_proximate_kd,physicochemical_hydrophobocity,0.0119538875296711,0.0182139761745929
explore_proximate_kd,physicochemical_index,0.0285452287644147,0.0444829389452934
explore_proximate_kd,physicochemical_energetic,0.002437375485897,0.004170823842287
explore_proximate_kd,fft_alpha_structure,0.007406513672322,0.0114576537162065
explore_proximate_kd,physicochemical_volume,0.0283988416194915,0.0461634881794452
explore_proximate_kd,physicochemical_hydropathy,0.0005398404318839,0.0013374775880947
explore_proximate_kd,fft_energetic,4.451150380191393e-05,8.406092820223421e-05
explore_proximate_kd,fft_energetic,0.000362488644896,0.0004742537275888
explore_skempi_affinity,physicochemical_secondary_structure,0.0003507071523927,0.0006314840284176
explore_skempi_affinity,physicochemical_betha_structure,0.0235536433756351,0.0363591723144054
explore_skempi_affinity,physicochemical_hydrophobocity,0.0010797686409205,0.0026388387195765
explore_skempi_affinity,physicochemical_alpha_structure,0.0088494941592216,0.0151256583631038
explore_skempi_affinity,physicochemical_hydropathy,0.0246414523571729,0.0383966378867626
explore_skempi_affinity,fft_secondary_structure,0.0002277259918628,0.000384518149076
explore_skempi_affinity,physicochemical_betha_structure,0.0006493705441243,0.0012060552835464
explore_skempi_affinity,bepler,0.0073424139991402,0.0116913160309195
explore_skempi_affinity,fasttext,0.0094485376030206,0.0125261871144175
explore_skempi_affinity,physicochemical_secondary_structure,2.987871425830235e-07,4.4792010100991326e-08
explore_skempi_affinity,onehot,0.0002310795825906,0.0006013190140947
explore_skempi_affinity,physicochemical_hydrophobocity,0.0074483617208898,0.0120448814705014
explore_skempi_affinity,glove,0.0042483275756239,0.0055922251194715
explore_skempi_affinity,fft_betha_structure,0.0066951350308954,0.011004795320332
explore_skempi_affinity,fft_alpha_structure,4.468782037747588e-07,1.9837507636566446e-08
explore_skempi_affinity,bepler,0.0002227079239673,0.0003806129971053
explore_skempi_affinity,onehot,1.4103849025559612e-05,2.972595211758744e-05
explore_skempi_affinity,fft_hydrophobicity,0.0150385200977325,0.0264295917004346
explore_skempi_affinity,fft_secondary_structure,0.0015080344164744,0.0030571450479328
explore_skempi_affinity,physicochemical_alpha_structure,0.0298855192959308,0.0454808324575424
explore_skempi_affinity,fasttext,0.0019517226610332,0.0028113380540162
explore_skempi_affinity,fasttext,0.0003599656047299,0.0004099622019566
explore_skempi_affinity,onehot,0.0005279102479107,0.0007024315418675
explore_skempi_affinity,fft_hydropathy,0.02029799669981,0.0314274318516254
explore_skempi_affinity,fft_index,0.0086798258125782,0.012985847890377
explore_skempi_affinity,physicochemical_index,0.0180409047752618,0.0273968335241079
explore_skempi_affinity,physicochemical_betha_structure,0.0008022863185033,0.0012875051470473
explore_skempi_affinity,physicochemical_energetic,0.0211459565907716,0.0320746153593063
explore_skempi_affinity,fft_alpha_structure,5.173834870220162e-05,6.902716995682567e-05
explore_skempi_affinity,physicochemical_hydrophobocity,0.0123787438496947,0.0177244711667299
explore_skempi_affinity,physicochemical_volume,0.0178412310779094,0.0279969368129968
explore_skempi_affinity,physicochemical_alpha_structure,0.0008539640693925,0.001783957821317
explore_skempi_affinity,bepler,0.0001658996334299,0.0003085961798205
explore_skempi_affinity,physicochemical_hydropathy,0.0361681431531906,0.0544475801289081
explore_skempi_affinity,fft_hydrophobicity,0.0078317681327462,0.0107590332627296
explore_skempi_affinity,fft_secondary_structure,0.0009417435503564,0.0016687773168087
explore_skempi_affinity,fft_hydropathy,0.0057878941297531,0.0098147122189402
explore_skempi_affinity,glove,0.0142643637955188,0.0174175947904586
explore_skempi_affinity,glove,0.0145618813112378,0.0205020233988761
explore_skempi_affinity,physicochemical_alpha_structure,0.051040444523096,0.0744497627019882
explore_skempi_affinity,fft_secondary_structure,0.0004380586324259,0.0007534178439527
explore_skempi_affinity,fft_alpha_structure,0.0001423194189555,0.0002837793144863
explore_skempi_affinity,fft_volume,7.367830403381959e-05,0.0001034825254464
explore_skempi_affinity,fft_volume,0.022129563614726,0.0353016406297683
explore_skempi_affinity,physicochemical_energetic,0.0115170599892735,0.0171231422573328
explore_skempi_affinity,physicochemical_secondary_structure,0.0343603901565074,0.0504345074295997
explore_skempi_affinity,fft_betha_structure,0.0094516174867749,0.0143588557839393
explore_skempi_affinity,fft_hydrophobicity,0.0201732274144887,0.0276613049209117
explore_skempi_affinity,physicochemical_index,0.0218121241778135,0.033288050442934
explore_skempi_affinity,bepler,7.96629592514364e-07,6.686188953608507e-07
explore_skempi_affinity,fft_volume,0.0002162355085602,0.0002856547362171
explore_skempi_affinity,fft_betha_structure,0.0002147663471987,0.0002926168090198
explore_skempi_affinity,fft_hydropathy,0.0010374634293839,0.0014272356638684
explore_skempi_affinity,physicochemical_index,0.0152718890458345,0.0223565082997083
explore_skempi_affinity,fft_betha_structure,0.0001758387079462,0.0002237684093415
explore_skempi_affinity,fasttext,0.0070278127677738,0.0077677019871771
explore_skempi_affinity,fft_hydrophobicity,0.0006463625468313,0.0008508762693963
explore_skempi_affinity,physicochemical_index,0.0277437064796686,0.0436339154839515
explore_skempi_affinity,physicochemical_betha_structure,0.0188790410757064,0.0283676255494356
explore_skempi_affinity,fft_energetic,0.0323102101683616,0.0514068268239498
explore_skempi_affinity,fft_alpha_structure,0.0114651387557387,0.0204750765115022
explore_skempi_affinity,physicochemical_energetic,0.0002755619643721,0.00041291382513
explore_skempi_affinity,fft_energetic,0.0071320487186312,0.0111342901363968
explore_skempi_affinity,fft_index,0.0101510444656014,0.0156645476818084
explore_skempi_affinity,fft_hydrophobicity,0.000375366420485,0.0005286682280711
explore_skempi_affinity,physicochemical_hydropathy,0.0323233045637607,0.0491794757544994
explore_skempi_affinity,physicochemical_hydrophobocity,0.0043957871384918,0.0062337322160601
explore_skempi_affinity,fft_index,0.0008812847081571,0.0009723631083033
explore_skempi_affinity,fft_hydropathy,0.0012342707486823,0.001848955755122
explore_skempi_affinity,physicochemical_volume,0.0029023855458945,0.004588617477566
explore_skempi_affinity,physicochemical_energetic,0.0166015326976776,0.0234500672668218
explore_skempi_affinity,glove,0.0159832797944545,0.0188794769346714
explore_skempi_affinity,fft_volume,0.0011297140736132,0.001777445548214
explore_skempi_affinity,fasttext,8.457374497083947e-05,8.80577863426879e-05
explore_skempi_affinity,physicochemical_energetic,0.0006616829195991,0.0011717593297362
explore_skempi_affinity,physicochemical_secondary_structure,0.0062462552450597,0.0094195706769824
explore_skempi_affinity,fft_volume,0.0008580593275837,0.0016870335675776
explore_skempi_affinity,physicochemical_volume,0.0002064162836177,0.0002952790237031
explore_skempi_affinity,fft_hydropathy,0.0007616371731273,0.0012143495259806
explore_skempi_affinity,fft_secondary_structure,0.0194930993020534,0.0282198153436183
explore_skempi_affinity,fft_index,0.002294021192938,0.0042677628807723
explore_skempi_affinity,physicochemical_hydropathy,0.0039533306844532,0.0062050679698586
explore_skempi_affinity,bepler,0.002367251785472,0.0042749932035803
explore_skempi_affinity,physicochemical_volume,0.0337943248450756,0.0514960549771785
explore_skempi_affinity,physicochemical_alpha_structure,0.0003038334834855,0.0005612821551039
explore_skempi_affinity,glove,0.001366124371998,0.0023141072597354
explore_skempi_affinity,fft_energetic,0.0012768862070515,0.0037263571284711
explore_skempi_affinity,fft_betha_structure,4.418418757268228e-05,6.0629459767369553e-05
explore_skempi_affinity,onehot,0.0001116225175792,0.0001500473590567
explore_skempi_affinity,fft_index,0.0001018082111841,0.0001247516192961
explore_skempi_affinity,physicochemical_betha_structure,0.0101226335391402,0.0153647782281041
explore_skempi_affinity,physicochemical_secondary_structure,0.0582083016633987,0.0867192074656486
explore_skempi_affinity,onehot,0.0133180879056453,0.019701562821865
explore_skempi_affinity,physicochemical_hydrophobocity,0.0002909524482674,0.0006265153642743
explore_skempi_affinity,physicochemical_index,0.0337015502154827,0.0513710901141166
explore_skempi_affinity,physicochemical_energetic,0.0495056547224521,0.0729681327939033
explore_skempi_affinity,fft_alpha_structure,0.0068663549609482,0.0103475227952003
explore_skempi_affinity,physicochemical_volume,0.0311003737151622,0.0428601093590259
explore_skempi_affinity,physicochemical_hydropathy,0.0012324504787102,0.0021679752971976
explore_skempi_affinity,fft_energetic,0.0182440392673015,0.0268006641417741
explore_skempi_affinity,fft_energetic,0.0004260088608134,0.0008768953266553
explore_skempi_kon,physicochemical_secondary_structure,4724216528109568.0,8329977401442304.0
explore_skempi_kon,physicochemical_betha_structure,4724257867169792.0,8330025719824384.0
explore_skempi_kon,physicochemical_hydrophobocity,4724183242113024.0,8329962369056768.0
explore_skempi_kon,physicochemical_alpha_structure,4724085531607040.0,8329805065879552.0
explore_skempi_kon,physicochemical_hydropathy,4724087142219776.0,8329841036230656.0
explore_skempi_kon,fft_secondary_structure,4724557978009600.0,8330400455720960.0
explore_skempi_kon,physicochemical_betha_structure,4724266457104384.0,8330039678468096.0
explore_skempi_kon,bepler,4724842519592960.0,8330783781552128.0
explore_skempi_kon,fasttext,4724621328777216.0,8330380054626304.0
explore_skempi_kon,physicochemical_secondary_structure,4724169283469312.0,8329915124416512.0
explore_skempi_kon,onehot,4724895669813248.0,8330840689868800.0
explore_skempi_kon,physicochemical_hydrophobocity,4724187000209408.0,8329966664024064.0
explore_skempi_kon,glove,4724531134464000.0,8330264090509312.0
explore_skempi_kon,fft_betha_structure,4724604685778944.0,8330461659004928.0
explore_skempi_kon,fft_alpha_structure,4724592874618880.0,8330450921586688.0
explore_skempi_kon,bepler,4724839835238400.0,8330779486584832.0
explore_skempi_kon,onehot,4724895132942336.0,8330846058577920.0
explore_skempi_kon,fft_hydrophobicity,4724606296391680.0,8330463806488576.0
explore_skempi_kon,fft_secondary_structure,4724521470787584.0,8330351063597056.0
explore_skempi_kon,physicochemical_alpha_structure,4724095732154368.0,8329822245748736.0
explore_skempi_kon,fasttext,4724524155142144.0,8330220067094528.0
explore_skempi_kon,fasttext,4724533281947648.0,8330247447511040.0
explore_skempi_kon,onehot,4724895132942336.0,8330842837352448.0
explore_skempi_kon,fft_hydropathy,4724545093107712.0,8330379517755392.0
explore_skempi_kon,fft_index,4724493553500160.0,8330301671473152.0
explore_skempi_kon,physicochemical_index,4724251424718848.0,8330046120919040.0
explore_skempi_kon,physicochemical_betha_structure,4724210622529536.0,8329966127153152.0
explore_skempi_kon,physicochemical_energetic,4724151566729216.0,8329923714351104.0
explore_skempi_kon,fft_alpha_structure,4724582674071552.0,8330439110426624.0
explore_skempi_kon,physicochemical_hydrophobocity,4724122038829056.0,8329889354612736.0
explore_skempi_kon,physicochemical_volume,4724184315854848.0,8329962369056768.0
explore_skempi_kon,physicochemical_alpha_structure,4724066741125120.0,8329786275397632.0
explore_skempi_kon,bepler,4724841982722048.0,8330781097197568.0
explore_skempi_kon,physicochemical_hydropathy,4724204716949504.0,8329993507569664.0
explore_skempi_kon,fft_hydrophobicity,4724603075166208.0,8330459511521280.0
explore_skempi_kon,fft_secondary_structure,4724586432167936.0,8330435889201152.0
explore_skempi_kon,fft_hydropathy,4724510733369344.0,8330330662502400.0
explore_skempi_kon,glove,4724556367396864.0,8330307040182272.0
explore_skempi_kon,glove,4724605759520768.0,8330382738980864.0
explore_skempi_kon,physicochemical_alpha_structure,4724282563231744.0,8330067595755520.0
explore_skempi_kon,fft_secondary_structure,4724603075166208.0,8330463269617664.0
explore_skempi_kon,fft_alpha_structure,4724506975272960.0,8330334957469696.0
explore_skempi_kon,fft_volume,4724548314333184.0,8330382202109952.0
explore_skempi_kon,fft_volume,4724519323303936.0,8330339789307904.0
explore_skempi_kon,physicochemical_energetic,4724122575699968.0,8329887744000000.0
explore_skempi_kon,physicochemical_secondary_structure,4724249277235200.0,8330019277373440.0
explore_skempi_kon,fft_betha_structure,4724581063458816.0,8330433741717504.0
explore_skempi_kon,fft_hydrophobicity,4724578915975168.0,8330423541170176.0
explore_skempi_kon,physicochemical_index,4724241761042432.0,8330030551662592.0
explore_skempi_kon,bepler,4724828024078336.0,8330761769844736.0
explore_skempi_kon,fft_volume,4724532745076736.0,8330365022240768.0
explore_skempi_kon,fft_betha_structure,4724605759520768.0,8330462195875840.0
explore_skempi_kon,fft_hydropathy,4724599853940736.0,8330458974650368.0
explore_skempi_kon,physicochemical_index,4724290079424512.0,8330107324203008.0
explore_skempi_kon,fft_betha_structure,4724583747813376.0,8330433741717504.0
explore_skempi_kon,fasttext,4724568178556928.0,8330303282085888.0
explore_skempi_kon,fft_hydrophobicity,4724557441138688.0,8330398845108224.0
explore_skempi_kon,physicochemical_index,4724261088395264.0,8330053637111808.0
explore_skempi_kon,physicochemical_betha_structure,4724257867169792.0,8330025182953472.0
explore_skempi_kon,fft_energetic,4724587505909760.0,8330429983621120.0
explore_skempi_kon,fft_alpha_structure,4724573547266048.0,8330424078041088.0
explore_skempi_kon,physicochemical_energetic,4724238002946048.0,8330029477920768.0
explore_skempi_kon,fft_energetic,4724567641686016.0,8330401529462784.0
explore_skempi_kon,fft_index,4724521470787584.0,8330340863049728.0
explore_skempi_kon,fft_hydrophobicity,4724559588622336.0,8330401529462784.0
explore_skempi_kon,physicochemical_hydropathy,4724279878877184.0,8330082628141056.0
explore_skempi_kon,physicochemical_hydrophobocity,4724162304147456.0,8329931230543872.0
explore_skempi_kon,fft_index,4724513417723904.0,8330324220051456.0
explore_skempi_kon,fft_hydropathy,4724574084136960.0,8330416561848320.0
explore_skempi_kon,physicochemical_volume,4724136534343680.0,8329896870805504.0
explore_skempi_kon,physicochemical_energetic,4724229413011456.0,8330023572340736.0
explore_skempi_kon,glove,4724592874618880.0,8330369317208064.0
explore_skempi_kon,fft_volume,4724605759520768.0,8330465417101312.0
explore_skempi_kon,fasttext,4724522007658496.0,8330210940289024.0
explore_skempi_kon,physicochemical_energetic,4724058688061440.0,8329814192685056.0
explore_skempi_kon,physicochemical_secondary_structure,4724187000209408.0,8329937672994816.0
explore_skempi_kon,fft_volume,4724559051751424.0,8330397234495488.0
explore_skempi_kon,physicochemical_volume,4724239613558784.0,8330028941049856.0
explore_skempi_kon,fft_hydropathy,4724580526587904.0,8330427299266560.0
explore_skempi_kon,fft_secondary_structure,4724596632715264.0,8330451995328512.0
explore_skempi_kon,fft_index,4724523081400320.0,8330342473662464.0
explore_skempi_kon,physicochemical_hydropathy,4724216528109568.0,8329998876278784.0
explore_skempi_kon,bepler,4724833929658368.0,8330771433521152.0
explore_skempi_kon,physicochemical_volume,4724126870667264.0,8329883985903616.0
explore_skempi_kon,physicochemical_alpha_structure,4724240150429696.0,8330007466213376.0
explore_skempi_kon,glove,4724593948360704.0,8330359653531648.0
explore_skempi_kon,fft_energetic,4724573010395136.0,8330413877493760.0
explore_skempi_kon,fft_betha_structure,4724589116522496.0,8330441257910272.0
explore_skempi_kon,onehot,4724895132942336.0,8330843911094272.0
explore_skempi_kon,fft_index,4724516102078464.0,8330331736244224.0
explore_skempi_kon,physicochemical_betha_structure,4724088215961600.0,8329807750234112.0
explore_skempi_kon,physicochemical_secondary_structure,4724207938174976.0,8329969348378624.0
explore_skempi_kon,onehot,4724895669813248.0,8330844984836096.0
explore_skempi_kon,physicochemical_hydrophobocity,4724276120780800.0,8330080480657408.0
explore_skempi_kon,physicochemical_index,4724287931940864.0,8330094439301120.0
explore_skempi_kon,physicochemical_energetic,4724266457104384.0,8330068669497344.0
explore_skempi_kon,fft_alpha_structure,4724608980746240.0,8330472396423168.0
explore_skempi_kon,physicochemical_volume,4724288468811776.0,8330105176719360.0
explore_skempi_kon,physicochemical_hydropathy,4724163914760192.0,8329935525511168.0
explore_skempi_kon,fft_energetic,4724561736105984.0,8330396160753664.0
explore_skempi_kon,fft_energetic,4724546703720448.0,8330372001562624.0
